protein_name,seq
SOX4,MVQQTNNAENTEALLAGESSDSGAGLELGIASSPTPGSTASTGGKADDPSWCKTPSGHIKRPMNAFMVWSQIERRKIMEQSPDMHNAEISKRLGKRWKLLKDSDKIPFIREAERLRLKHMADYPDYKYRPRKKVKSGNANSSSSAAASSKPGEKGDKVGGSGGGGHGGGGGGGSSNAGGGGGGASGGGANSKPAQKKSCGSKVAGGAGGGVSKPHAKLILAGGGGGGKAAAAAAASFAAEQAGAAALLPLGAAADHHSLYKARTPSASASASSAASASAALAAPGKHLAEKKVKRVYLFGGLGTSSSPVGGVGAGADPSDPLGLYEEEGAGCSPDAPSLSGRSSAASSPAAGRSPADHRGYASLRAASPAPSSAPSHASSSASSHSSSSSSSGSSSSDDEFEDDLLDLNPSSNFESMSLGSFSSSSALDRDLDFNFEPGSGSHFEFPDYCTPEVSEMISGDWLESSISNLVFTY
SOX2,MYNMMETELKPPGPQQTSGGGGGNSTAAAAGGNQKNSPDRVKRPMNAFMVWSRGQRRKMAQENPKMHNSEISKRLGAEWKLLSETEKRPFIDEAKRLRALHMKEHPDYKYRPRRKTKTLMKKDKYTLPGGLLAPGGNSMASGVGVGAGLGAGVNQRMDSYAHMNGWSNGSYSMMQDQLGYPQHPGLNAHGAAQMQPMHRYDVSALQYNSMTSSQTYMNGSPTYSMSYSQQGTPGMALGSMGSVVKSEASSSPPVVTSSSHSRAPCQAGDLRDMISMYLPGAEVPEPAAPSRLHMSQHYQSGPVPGTAINGTLPLSHM
SOX7,MSMLAERRRKQKWAVDPQNTAWSNDDSKFGQRMLEKMGWSKGKGLGAQEQGATDHIKVQVKNNHLGLGATINNEDNWIAHQDDFNQLLAELNTCHGQETTDSSDKKEKKSFSLEEKSKISKNRVHYMKFTKGKSWKALTLSQKRPYVDEAERLRLQHMQDYPNYKYRPRRKKQAKRLCKRVDPGFLLSSLSRDQNALPEKRSGSRGALGEKEDRGEYSPGTALPSLRGCYHEGPAGGGGGGTPSSVDTYPYGLPTPPEMSPLDVLEPEQTFFSSPCQEEHGHPRRIPHLPGHPYSPEYAPSPLHCSHPLGSLALGQSPGVSMMSPVPGCPPSPAYYSPATYHPLHSNLQAHLGQLSPPPHPGFDALDQLSQVELLGDMDRNEFDQYLNTPGHPDSATGAMALSGHVPVSQVTPTGPTETSLISVLADATATYYNSYSVS
SOX8,MLDMSEARSQPPCSPSGTASSMSHVEDSDSDAPPSPAGSEGLGRAGVAVGGARGDPAEAADERFPACIRDAVSQVLKGYDWSLVPMPVRGGGGGALKAKPHVKRPMNAFMVWAQAARRKLADQYPHLHNAELSKTLGKLWRLLSESEKRPFVEEAERLRVQHKKDHPDYKYQPRRRKSAKAGHSDSDSGAELGPHPGGGAVYKAEAGLGDGHHHGDHTGQTHGPPTPPTTPKTELQQAGAKPELKLEGRRPVDSGRQNIDFSNVDISELSSEVMGTMDAFDVHEFDQYLPLGGPAPPEPGQAYGGAYFHAGASPVWAHKSAPSASASPTETGPPRPHIKTEQPSPGHYGDQPRGSPDYGSCSGQSSATPAAPAGPFAGSQGDYGDLQASSYYGAYPGYAPGLYQYPCFHSPRRPYASPLLNGLALPPAHSPTSHWDQPVYTTLTRP
SOX9,MNLLDPFMKMTDEQEKGLSGAPSPTMSEDSAGSPCPSGSGSDTENTRPQENTFPKGEPDLKKESEEDKFPVCIREAVSQVLKGYDWTLVPMPVRVNGSSKNKPHVKRPMNAFMVWAQAARRKLADQYPHLHNAELSKTLGKLWRLLNESEKRPFVEEAERLRVQHKKDHPDYKYQPRRRKSVKNGQAEAEEATEQTHISPNAIFKALQADSPHSSSGMSEVHSPGEHSGQSQGPPTPPTTPKTDVQPGKADLKREGRPLPEGGRQPPIDFRDVDIGELSSDVISNIETFDVNEFDQYLPPNGHPGVPATHGQVTYTGSYGISSTAATPASAGHVWMSKQQAPPPPPQQPPQAPPAPQAPPQPQAAPPQQPAAPPQQPQAHTLTTLSSEPGQSQRTHIKTEQLSPSHYSEQQQHSPQQIAYSPFNLPHYSPSYPPITRSQYDYTDHQNSSSYYSHAAGQGTGLYSTFTYMNPAQRPMYTPIADTSGVPSIPQTHSPQHWEQPVYTQLTRP
SOX10,MAEEQDLSEVELSPVGSEEPRCLSPGSAPSLGPDGGGGGSGLRASPGPGELGKVKKEQQDGEADDDKFPVCIREAVSQVLSGYDWTLVPMPVRVNGASKSKPHVKRPMNAFMVWAQAARRKLADQYPHLHNAELSKTLGKLWRLLNESDKRPFIEEAERLRMQHKKDHPDYKYQPRRRKNGKAAQGEAECPGGEAEQGGTAAIQAHYKSAHLDHRHPGEGSPMSDGNPEHPSGQSHGPPTPPTTPKTELQSGKADPKRDGRSMGEGGKPHIDFGNVDIGEISHEVMSNMETFDVAELDQYLPPNGHPGHVSSYSAAGYGLGSALAVASGHSAWISKPPGVALPTVSPPGVDAKAQVKTETAGPQGPPHYTDQPSTSQIAYTSLSLPHYGSAFPSISRPQFDYSDHQPSGPYYGHSGQASGLYSAFSYMGPSQRPLYTAISDPSPSGPQSHSPTHWEQPVYTTLSRP
SOX14,MSKPSDHIKRPMNAFMVWSRGQRRKMAQENPKMHNSEISKRLGAEWKLLSEAEKRPYIDEAKRLRAQHMKEHPDYKYRPRRKPKNLLKKDRYVFPLPYLGDTDPLKAAGLPVGASDGLLSAPEKARAFLPPASAPYSLLDPAQFSSSAIQKMGEVPHTLATGALPYASTLGYQNGAFGSLSCPSQHTHTHPSPTNPGYVVPCNCTAWSASTLQPPVAYILFPGMTKTGIDPYSSAHATAM
SOX15,MALPGSSQDQAWSLEPPAATAAASSSSGPQEREGAGSPAAPGTLPLEKVKRPMNAFMVWSSAQRRQMAQQNPKMHNSEISKRLGAQWKLLDEDEKRPFVEEAKRLRARHLRDYPDYKYRPRRKAKSSGAGPSRCGQGRGNLASGGPLWGPGYATTQPSRGFGYRPPSYSTAYLPGSYGSSHCKLEAPSPCSLPQSDPRLQGELLPTYTHYLPPGSPTPYNPPLAGAPMPLTHL
SOX18,MQRSPPGYGAQDDPPARRDCAWAPGHGAAADTRGLAAGPAALAAPAAPASPPSPQRSPPRSPEPGRYGLSPAGRGERQAADESRIRRPMNAFMVWAKDERKRLAQQNPDLHNAVLSKMLGKAWKELNAAEKRPFVEEAERLRVQHLRDHPNYKYRPRRKKQARKARRLEPGLLLPGLAPPQPPPEPFPAASGSARAFRELPPLGAEFDGLGLPTPERSPLDGLEPGEAAFFPPPAAPEDCALRPFRAPYAPTELSRDPGGCYGAPLAEALRTAPPAAPLAGLYYGTLGTPGPYPGPLSPPPEAPPLESAEPLGPAADLWADVDLTEFDQYLNCSRTRPDAPGLPYHVALAKLGPRAMSCPEESSLISALSDASSAVYYSACISG
SOX21,MSKPVDHVKRPMNAFMVWSRAQRRKMAQENPKMHNSEISKRLGAEWKLLTESEKRPFIDEAKRLRAMHMKEHPDYKYRPRRKPKTLLKKDKFAFPVPYGLGGVADAEHPALKAGAGLHAGAGGGLVPESLLANPEKAAAAAAAAAARVFFPQSAAAAAAAAAAAAAGSPYSLLDLGSKMAEISSSSSGLPYASSLGYPTAGAGAFHGAAAAAAAAAAAAGGHTHSHPSPGNPGYMIPCNCSAWPSPGLQPPLAYILLPGMGKPQLDPYPAAYAAAL